<?xml version="1.0" encoding="UTF-8"?>
<project-private xmlns="http://www.netbeans.org/ns/project-private/1">
    <editor-bookmarks xmlns="http://www.netbeans.org/ns/editor-bookmarks/2" lastBookmarkId="0"/>
    <open-files xmlns="http://www.netbeans.org/ns/projectui-open-files/2">
        <group>
            <file>file:/C:/Users/Krishan%20Kant/Documents/NetBeansProjects/project%201/src/project/pkg1/issue_panel.java</file>
            <file>file:/C:/Users/Krishan%20Kant/Documents/NetBeansProjects/project%201/src/project/pkg1/first_page.java</file>
            <file>file:/C:/Users/Krishan%20Kant/Documents/NetBeansProjects/project%201/src/project/pkg1/Mail.java</file>
            <file>file:/C:/Users/Krishan%20Kant/Documents/NetBeansProjects/project%201/src/project/pkg1/fine_pannel.java</file>
            <file>file:/C:/Users/Krishan%20Kant/Documents/NetBeansProjects/project%201/src/project/pkg1/resister.java</file>
            <file>file:/C:/Users/Krishan%20Kant/Documents/NetBeansProjects/project%201/src/project/pkg1/loginpage.java</file>
            <file>file:/C:/Users/Krishan%20Kant/Documents/NetBeansProjects/project%201/src/project/pkg1/admin_page.java</file>
            <file>file:/C:/Users/Krishan%20Kant/Documents/NetBeansProjects/project%201/src/project/pkg1/bookdetails.java</file>
            <file>file:/C:/Users/Krishan%20Kant/Documents/NetBeansProjects/project%201/src/project/pkg1/Addnewbook.java</file>
            <file>file:/C:/Users/Krishan%20Kant/Documents/NetBeansProjects/project%201/src/project/pkg1/booksearch.java</file>
            <file>file:/C:/Users/Krishan%20Kant/Documents/NetBeansProjects/project%201/src/project/pkg1/Project1.java</file>
            <file>file:/C:/Users/Krishan%20Kant/Documents/NetBeansProjects/project%201/src/project/pkg1/admin_login.java</file>
            <file>file:/C:/Users/Krishan%20Kant/Documents/NetBeansProjects/project%201/src/project/pkg1/student_page.java</file>
            <file>file:/C:/Users/Krishan%20Kant/Documents/NetBeansProjects/project%201/src/project/pkg1/afterlogin.java</file>
            <file>file:/C:/Users/Krishan%20Kant/Documents/NetBeansProjects/project%201/src/project/pkg1/connectdb.java</file>
            <file>file:/C:/Users/Krishan%20Kant/Documents/NetBeansProjects/project%201/src/project/pkg1/return_book.java</file>
        </group>
    </open-files>
</project-private>
